{"actor loss": -0.7288170456886292, "critic loss": 0.13955725729465485, "_timestamp": 1679081900.7078297, "_runtime": 17755.182649612427, "_step": 55127, "avarage over 100 rewards": -20.56, "episode": 5128}