{"avarage over 100 rewards": -20.61111111111111, "episode": 18, "_timestamp": 1678834629.0400631, "_runtime": 37.93980121612549, "_step": 17}