{"avarage over 100 rewards": -20.75, "episode": 24, "_timestamp": 1678835742.840829, "_runtime": 51.162513971328735, "_step": 23, "_wandb": {"runtime": 53}}