{"avarage over 100 rewards": -20.541666666666668, "episode": 24, "_timestamp": 1678835323.6978543, "_runtime": 56.1560423374176, "_step": 23, "_wandb": {"runtime": 257}}