{"avarage over 100 rewards": -20.4, "episode": 5, "_timestamp": 1679038038.6834726, "_runtime": 19.666865587234497, "_step": 4, "_wandb": {"runtime": 146}}