{"avarage over 100 rewards": -20.565217391304348, "episode": 23, "_timestamp": 1678820849.9152498, "_runtime": 54.18040871620178, "_step": 22}