{"actor loss": -1.8082655668258667, "critic loss": 0.47945594787597656, "_timestamp": 1679063622.0436258, "_runtime": 3.7785987854003906, "_step": 5, "_wandb": {"runtime": 149}}