{"avarage over 100 rewards": -21.0, "episode": 3, "_timestamp": 1678956087.6879044, "_runtime": 10.044767379760742, "_step": 2, "_wandb": {"runtime": 10}}