{"avarage over 100 rewards": -0.02, "_timestamp": 1678720773.6241853, "_runtime": 73.0131254196167, "_step": 23592}