{"avarage over 100 rewards": -20.5, "episode": 2, "_timestamp": 1679037144.2641733, "_runtime": 8.533167362213135, "_step": 1, "_wandb": {"runtime": 19}}