{"avarage over 100 rewards": 0.15, "_timestamp": 1678720292.7613595, "_runtime": 6.499682426452637, "_step": 1999, "_wandb": {"runtime": 5}}