{"avarage over 100 rewards": 281.75, "episode": 1202, "_timestamp": 1678842131.1164584, "_runtime": 5572.265570402145, "_step": 2224, "_wandb": {"runtime": 31013}}