{"avarage over 100 rewards": -21.0, "episode": 2, "_timestamp": 1679037222.2410831, "_runtime": 8.499406099319458, "_step": 1, "_wandb": {"runtime": 70}}