{"actor loss": -3.064253330230713, "critic loss": 0.9940601587295532, "_timestamp": 1679061872.026532, "_runtime": 2.8787779808044434, "_step": 2, "_wandb": {"runtime": 1}}