{"avarage over 100 rewards": -20.125, "episode": 8, "_timestamp": 1678836088.9439852, "_runtime": 18.501508235931396, "_step": 7, "_wandb": {"runtime": 18}}