{"actor loss": -0.8834247589111328, "critic loss": 0.19416417181491852, "_timestamp": 1679061904.8911934, "_runtime": 2.6338772773742676, "_step": 2, "_wandb": {"runtime": 68}}