{"initial_reset_timestamp": 0.879412125, "timestamps": [1.808918708, 2.521828458, 3.32701425, 4.08275325, 4.921530916, 5.908410708, 6.792263041, 7.520632208, 8.227407541, 9.143742916], "episode_lengths": [1082, 823, 936, 838, 979, 1044, 882, 820, 833, 994], "episode_rewards": [-19.0, -21.0, -19.0, -20.0, -20.0, -20.0, -21.0, -21.0, -20.0, -19.0], "episode_types": ["e", "e", "e", "e", "e", "e", "e", "e", "e", "e"]}