{"actor loss": -1.0927388668060303, "critic loss": 0.18246182799339294, "_timestamp": 1679063777.4148245, "_runtime": 1.941178560256958, "_step": 0, "_wandb": {"runtime": 0}}