{"avarage over 100 rewards": -20.29, "episode": 1018, "_timestamp": 1678925714.2682083, "_runtime": 2944.1848533153534, "_step": 1017, "_wandb": {"runtime": 2946}}