{"actor loss": -0.5474442839622498, "critic loss": 0.10506080090999603, "_timestamp": 1679063223.953776, "_runtime": 2.338603973388672, "_step": 1, "_wandb": {"runtime": 256}}