{"avarage over 100 rewards": -20.916666666666668, "episode": 12, "_timestamp": 1678835170.1431649, "_runtime": 26.716962814331055, "_step": 11, "_wandb": {"runtime": 49}}