{"avarage over 100 rewards": -20.0, "episode": 2, "_timestamp": 1679037083.9625933, "_runtime": 8.500854253768921, "_step": 1, "_wandb": {"runtime": 10}}