{"actor loss": -1.8881797790527344, "critic loss": 0.5001259446144104, "_timestamp": 1679061832.5135612, "_runtime": 4.475064277648926, "_step": 7, "_wandb": {"runtime": 32}}