{"actor loss": -0.08087599277496338, "critic loss": 0.0006211327272467315, "_timestamp": 1679061643.9103167, "_runtime": 4.567730665206909, "_step": 7, "_wandb": {"runtime": 106}}