{"actor loss": -0.051194462925195694, "critic loss": 0.0003087643417529762, "_timestamp": 1679063487.3748674, "_runtime": 2.6030664443969727, "_step": 2, "_wandb": {"runtime": 1}}