{"avarage over 100 rewards": -20.62, "episode": 1024, "_timestamp": 1678870324.1776783, "_runtime": 2745.1803963184357, "_step": 1023}