{"avarage over 100 rewards": 0.3, "_timestamp": 1678720431.764002, "_runtime": 8.257021188735962, "_step": 1999, "_wandb": {"runtime": 6}}