{"avarage over 100 rewards": 0.15, "_timestamp": 1678720370.0354664, "_runtime": 9.478326320648193, "_step": 1999, "_wandb": {"runtime": 55}}