{"avarage over 100 rewards": -20.6, "episode": 25, "_timestamp": 1678836291.4111135, "_runtime": 53.88358449935913, "_step": 24}