{"avarage over 100 rewards": -21.0, "episode": 2, "_timestamp": 1679037301.9432602, "_runtime": 8.7590651512146, "_step": 1, "_wandb": {"runtime": 10}}