{"avarage over 100 rewards": -20.333333333333332, "episode": 6, "_timestamp": 1678836525.8233144, "_runtime": 18.901928424835205, "_step": 5, "_wandb": {"runtime": 21}}