{"avarage over 100 rewards": -20.2, "episode": 5, "_timestamp": 1678954028.9772465, "_runtime": 16.810924530029297, "_step": 4, "_wandb": {"runtime": 98}}