{"avarage over 100 rewards": -20.2, "episode": 5, "_timestamp": 1678954136.1493647, "_runtime": 17.139546632766724, "_step": 4, "_wandb": {"runtime": 17}}