{"avarage over 100 rewards": -21.0, "episode": 1, "_timestamp": 1679037167.8904514, "_runtime": 5.161716461181641, "_step": 0, "_wandb": {"runtime": 8}}